﻿Organization,Default_files,Default.htm,Default.rtf,Default.txt
CPA,https://hensslerfinancial-my.sharepoint.com/:u:/p/svc-automate/EftkmFc6EY9IubIFvMmP3t8BzgOj5Mm-QxqAl3xQPr9uIQ?download=1,https://hensslerfinancial-my.sharepoint.com/:u:/p/svc-automate/EeJl0OuN2WZLndig8nzLWpEB5_tzoWotJXNemPQb2kNGWg?download=1,https://hensslerfinancial-my.sharepoint.com/:w:/p/svc-automate/ETuQvAc3fo9OsQcBp0seQmYBA7fUJ74hNMy6wWsb_YjoYg?download=1,https://hensslerfinancial-my.sharepoint.com/:t:/p/svc-automate/EWRDAOEDAtdDrL7bHpC2mmYB1hQi95Rnlna_qaPfLlQ3Iw?download=1
P&I,https://hensslerfinancial-my.sharepoint.com/:u:/p/svc-automate/EToRRvPnJ2xBqUY7wyzkVxABzmVd4Nj6hKzcBNCkmhPf1g?download=1,https://hensslerfinancial-my.sharepoint.com/:u:/p/svc-automate/EaZy4zEfUXVOiVmzs4EiAhMBOjd9xU6hl7eUcl-VBhrJ8g?download=1,https://hensslerfinancial-my.sharepoint.com/:w:/p/svc-automate/EcWnzltw7OtLsGudMTPRlMAB9kzRrU4xMLIv7reec_vQlg?download=1,https://hensslerfinancial-my.sharepoint.com/:t:/p/svc-automate/Eb6SJug2BOFJkNf7y5UUL-IBExl8j8oGsTf-63Amruk26g?download=1
Arbor_Village,https://hensslerfinancial-my.sharepoint.com/:u:/p/svc-automate/EfzKr59UAp1AsMoXc9rfEtwBNHourpBjtgd8-3SCaSNXZQ?download=1,https://hensslerfinancial-my.sharepoint.com/:u:/p/svc-automate/EfuUPHNIF8lNsdlm9ttqpZoBRP1zkB3rTVxCd55eP9t8dQ?download=1,https://hensslerfinancial-my.sharepoint.com/:w:/p/svc-automate/EWigG7sxQLxIkIo9xAJ-WPwBMdY81hmA1MO2qZDUNG4Gig?download=1,https://hensslerfinancial-my.sharepoint.com/:t:/p/svc-automate/EeE8AHQBTHFClhXIMhmAY6gBA2WkHD2OOUdDFXKrMjoFOQ?download=1
Anyone_that_manages_more_than_1_property,https://hensslerfinancial-my.sharepoint.com/:u:/p/svc-automate/EfzKr59UAp1AsMoXc9rfEtwBNHourpBjtgd8-3SCaSNXZQ?download=1,https://hensslerfinancial-my.sharepoint.com/:u:/p/svc-automate/EfuUPHNIF8lNsdlm9ttqpZoBRP1zkB3rTVxCd55eP9t8dQ?download=1,https://hensslerfinancial-my.sharepoint.com/:w:/p/svc-automate/EWigG7sxQLxIkIo9xAJ-WPwBMdY81hmA1MO2qZDUNG4Gig?download=1,https://hensslerfinancial-my.sharepoint.com/:t:/p/svc-automate/EeE8AHQBTHFClhXIMhmAY6gBA2WkHD2OOUdDFXKrMjoFOQ?download=1
Charleston_Oaks,https://hensslerfinancial-my.sharepoint.com/:u:/p/svc-automate/EWpsEVODuepIv499x0-CeaYBbCH8H08Xka4TqeRljmdTuQ?download=1,https://hensslerfinancial-my.sharepoint.com/:u:/p/svc-automate/EdoNCd-VAK5Hlo-U14ZdkFUBBb88DURrNfpzeJmMrfIygw?download=1,https://hensslerfinancial-my.sharepoint.com/:w:/p/svc-automate/ESPyymiW4FxMkpJeXwNqTJEBpHCrfQAqQ3nvr3bj5u0h7A?download=1,https://hensslerfinancial-my.sharepoint.com/:t:/p/svc-automate/EZGROmlBlchFvN_ixYZhKeYBTXEvL0nzMYySP0Vq8ANp7g?download=1
Corporate,https://hensslerfinancial-my.sharepoint.com/:u:/p/svc-automate/EZuPx1MoDgBNnkedJmZ3U6IBJ_AAd3PYk0CMrokh_Wd5rA?download=1,https://hensslerfinancial-my.sharepoint.com/:u:/p/svc-automate/EQhRnpiEc6VCti4u4dw9r10BwrIgtC_jB0EN2rcEaXKXBg?download=1,https://hensslerfinancial-my.sharepoint.com/:w:/p/svc-automate/EW-LLvUJ34tIsyfkfJ0YrzcB4-J6upswlAO25NU_tHhT3g?download=1,https://hensslerfinancial-my.sharepoint.com/:t:/p/svc-automate/EWjgtLwla1hPuZ5u36H0IcoB2dd3VC1_t-YahwvQrTHgMw?download=1
Hampton_Place,https://hensslerfinancial-my.sharepoint.com/:u:/p/svc-automate/EXVfnVIfVMNIkSKY1rP8cZ0BqP9gonp2RhmXS4H23_omWg?download=1,https://hensslerfinancial-my.sharepoint.com/:u:/p/svc-automate/ERPLo8lFXzBLp5xnv3w9Z2ABzo95M-kw8mOCoQc8dkgdbg?download=1,https://hensslerfinancial-my.sharepoint.com/:w:/p/svc-automate/Edq1WEBk8AlBmtQfTRYQOoIBRbjL4-cXZUjNU1ORnwGU_Q?download=1,https://hensslerfinancial-my.sharepoint.com/:t:/p/svc-automate/EaFEAc4ZQPNMhGeAaNKYcEwBKS_hLzYizr2A0VgCto0GcQ?download=1
Haven,https://hensslerfinancial-my.sharepoint.com/:u:/p/svc-automate/Ed1afg2LjxNHvP_g24vT-oABxvE0vE75LG-bjrYJ1EI2FQ?download=1,https://hensslerfinancial-my.sharepoint.com/:u:/p/svc-automate/EWproDYPkuVNlYpN3Mev-l8BTwMIq0yjX6koEqswx4ZLqw?download=1,https://hensslerfinancial-my.sharepoint.com/:w:/p/svc-automate/EYBj2ho_BxBEp9RSxLr1SkkBGG-1DAgaM3fc05Ji41wdNw?download=1,https://hensslerfinancial-my.sharepoint.com/:t:/p/svc-automate/EVqVlW_w7Y9BnRVKZE97lr8B1bk6vwjfdOXnCHvUpiTXiQ?download=1
Legacy,https://hensslerfinancial-my.sharepoint.com/:u:/p/svc-automate/ETPa5XBx0JtBpgXo5kSdrQkBl-0KQLEjIq1AK5WFOkzB2w?download=1,https://hensslerfinancial-my.sharepoint.com/:u:/p/svc-automate/EV65K0b1ubxCjkYuvvu0FHMBiSDaDt8z_5Xs4udYiraEcA?download=1,https://hensslerfinancial-my.sharepoint.com/:w:/p/svc-automate/EbqofedaS8RChlXupIC-WxwBOUCrGocKNEMOkBkalF8xqw?download=1,https://hensslerfinancial-my.sharepoint.com/:t:/p/svc-automate/EanQl7S6mT9Cmxtx1idQQlsB4Cn5c7nTRavhwSeHicS4SQ?download=1
Magnolia,https://hensslerfinancial-my.sharepoint.com/:u:/p/svc-automate/EWUUmtt2kP9AmKngQVPeiA4BKTYsGaEIMm79noF-QCEOdw?download=1,https://hensslerfinancial-my.sharepoint.com/:u:/p/svc-automate/EUdgIb-ETppPrHcEMMFLkKEBwLxvgRV5f_k8dwilk0AI8w?download=1,https://hensslerfinancial-my.sharepoint.com/:w:/p/svc-automate/EXiHAkmK-x5EoKSj7A2HpBkBiUJKfCS-W5qUWqVxBJd36w?download=1,https://hensslerfinancial-my.sharepoint.com/:t:/p/svc-automate/ETCZ19pR3U1BpVD50KF8mQEBArZ7xR1ci3seZHpDvzqB4g?download=1
Palladian,https://hensslerfinancial-my.sharepoint.com/:u:/p/svc-automate/EaVs7CDok_5FlDoq0yIX6SEBiRMrZL3rDpbStxrbFb072Q?download=1,https://hensslerfinancial-my.sharepoint.com/:u:/p/svc-automate/ERRyUNuj_fpMgLEFfjwlIsEBv9inhZnDi2axWGunlousvg?download=1,https://hensslerfinancial-my.sharepoint.com/:w:/p/svc-automate/EZ58Oz6nB5VEv94Z95DpsyABCsXDiE1QhWGYRZbUcXP-0g?download=1,https://hensslerfinancial-my.sharepoint.com/:t:/p/svc-automate/ETYwNuW7kqZFpA3ngrV5qfMBg32p1-9jxJUobVBiMt6Dog?download=1
Portofino,https://hensslerfinancial-my.sharepoint.com/:u:/p/svc-automate/EdfpkmdvPGlOqjWD4nFIZHgBk8-WHCt5YmuettyELCgHQQ?download=1,https://hensslerfinancial-my.sharepoint.com/:u:/p/svc-automate/EfNGfTxgp7BCukTzhh3bgi4B2aFluIiEUCzvElWoC1B_iw?download=1,https://hensslerfinancial-my.sharepoint.com/:w:/p/svc-automate/EfFUCR334pJCsdtrWxwiYKcBNUB0Cv4bgTkXLIoVIVcaBg?download=1,https://hensslerfinancial-my.sharepoint.com/:t:/p/svc-automate/ESXSgD3O1QtNtX0Vzr8LYJoBdM7xwWb5e0qKzpgnualuNA?download=1
Sevilla_Place,https://hensslerfinancial-my.sharepoint.com/:u:/p/svc-automate/EXfpBaTvWZBLr43yE3I0wYYB7z51tPlHDHvUtnBgxDPkUw?download=1,https://hensslerfinancial-my.sharepoint.com/:u:/p/svc-automate/EaO4JI0FCdlJvTWO87HXnLwB2nSSoDejA83FAXu-l0aI3w?download=1,https://hensslerfinancial-my.sharepoint.com/:w:/p/svc-automate/EcTbzH1I9ctBhDxE902oj_ABHrVM_-MZUIB2Hew3RUq85w?download=1,https://hensslerfinancial-my.sharepoint.com/:t:/p/svc-automate/EQyRWdS-azNLvyN2ZTWO0wsB2MCsXiKYJ9H4BSvHtivNZg?download=1
The_Meadows,https://hensslerfinancial-my.sharepoint.com/:u:/p/svc-automate/EQeiO-XiMAVJlgNATZTdIgEBUDCpn-9T_y4-pUu6F5bTBQ?download=1,https://hensslerfinancial-my.sharepoint.com/:u:/p/svc-automate/Ef_KVIFZt2hFmyJxInjQHrIBvFCXWNBA8Hfv7DlW6d7wPg?download=1,https://hensslerfinancial-my.sharepoint.com/:w:/p/svc-automate/EcwNlAfF7ztEhCdXNyPtfrgBPvyyPg0Fa21KhWjnvZ-LYg?download=1,https://hensslerfinancial-my.sharepoint.com/:t:/p/svc-automate/EfgO2uT-o51Els_uuXKcBqwBIA8uy0WntBsb1kdP5sKMXA?download=1
Village_West,https://hensslerfinancial-my.sharepoint.com/:u:/p/svc-automate/ESZSTn_YeE9FlRYmVatcpcsBZ8x7f1Y-4zNre6f0Yw2DMw?download=1,https://hensslerfinancial-my.sharepoint.com/:u:/p/svc-automate/EXt669Kcdf1OovqPjj1zpsMBnvIMU9OGQZCWWm-HpXBclQ?download=1,https://hensslerfinancial-my.sharepoint.com/:w:/p/svc-automate/Ed7HnILtPQZJrOim7ckBEc4B7ux7qx_k37h-TcpzLeCnAg?download=1,https://hensslerfinancial-my.sharepoint.com/:t:/p/svc-automate/EQKF7EH_1cVCjof5nrLt7l0Bpv0PA8aAKC8XCWEqqMcG9Q?download=1
Vista_Ridge,https://hensslerfinancial-my.sharepoint.com/:u:/p/svc-automate/EWDI2Y6FWTZMoT2PgFz_8vgBYlPy13BFreqMc4_h0M-Abw?download=1,https://hensslerfinancial-my.sharepoint.com/:u:/p/svc-automate/ETQee9qxHa9Bl-xVrhkCh4MBXohUVXWrmsA8jjBIjIXZoQ?download=1,https://hensslerfinancial-my.sharepoint.com/:w:/p/svc-automate/EdqU4RXjhp9MvldnxI1MJEgBSyK8eyrky3eMBeGVEy3Wfg?download=1,https://hensslerfinancial-my.sharepoint.com/:t:/p/svc-automate/EcsOGrSOic9FnQJziqRVXGoBL6qCIoTqtgArtZBt2GgAvg?download=1
Standard,https://hensslerfinancial-my.sharepoint.com/:u:/p/svc-automate/EeZxWVxseGNCq3InFtGjj5oBMd1tpnKbKBneMKL1y7AVzg?download=1,https://hensslerfinancial-my.sharepoint.com/:u:/p/svc-automate/Ea0EadnhtBJCprppWJ03QbIBOrN0lCf3g7zGL6Krc9GPMw?download=1,https://hensslerfinancial-my.sharepoint.com/:w:/p/svc-automate/EaA1-m8cBypJsvWQ-mEaWDIBeZCZQtM4miGoK6FRhFyh3A?download=1,https://hensslerfinancial-my.sharepoint.com/:t:/p/svc-automate/EeOVh20xbuVChCWHSgqYV8gBZDzKBbgNSwNshguvOnw3TA?download=1
